SP40,sua thtrue milk,TH,25,30000,2023 07 06,2024 07 06
SP41,sua thtrue milk khong duong,TH,25,30000,2023 07 06,2024 07 06
SP42,sua thtrue milk socola,TH,25,30000,2023 07 06,2024 07 06
SP43,sua thtrue milk vi dau,TH,25,30000,2023 07 06,2024 07 06
SP79,nuoc gao rang th,TH,20,15000,2022 07 11,2023 07 11
SP80,nuoc gao lut do th,TH,20,15000,2022 07 11,2023 07 11
SP77,tra xanh vi canh th,TH,20,10000,2022 07 07,2023 07 07
SP78,tra o long tu nhien th,TH,20,10000,2022 07 07,2023 07 07
SP71,kem que topkid socola,TH,20,11000,2022 05 05,2023 05 05
SP72,kem que dau th,TH,20,15000,2022 05 05,2023 05 05
SP73,kem que dau xanh th,TH,20,15000,2022 05 05,2023 05 05
SP74,kem oc que dau th,TH,15,20000,2022 04 04,2023 04 04
SP75,kem oc que vani th,TH,15,20000,2022 04 04,2023 04 04
SP76,kem oc que socola th,TH,15,20000,2022 04 04,2023 04 04
